ckb_sentence	translation	variety	county	orthography
ئەگەرنا گەریلا مافی هەیە خۆپارێزی ڕەوا بەکاربهێنێت.	ئەگینا گەریلا مافش هەن ۋێپارێزنای ڕەۋا بەکار باۋەۆنە.	Standard		Hawrami
سەرسام دەبن.	تەعاجب مەندێ.	Standard		Hawrami
دواتر بە سرودی ئەیڕەقیب خولەکێک ڕێز لە گەشەپێدەرانی ڕێی ئازادی کوردستان گیرا.	دماتەر بە سرودو ئەی ڕەقیبی دەیەقێۋ ڕێز جە گەشمەدەکانو ڕاو ئازادی کوردستانی گیریا.	Standard		Hawrami
بە ناپاڵم و موشەک هێرشی کردە سەر شاری هەڵەبجە و شارۆچکەکانی سیروان و خورماڵ و گوندەکانی دەوروبەریان.	ناپاڵم و هۆشەیێ هێرشش کەرد سەرو شارو هەڵەبجەی و شارچەکێ سیروانی و خورماڵی و دەگایەکێ دەوروبەریشان.	Standard		Hawrami
هەرچی ڕۆژ هەیە دەبێت بیربکەمەوە و بزانم دەتوانم بەرهە بگرم، دەستی قڵیشاو ئێشک دەخاتە ناو ئاوی سارد و سابون دەیانکزێنێتەوە.	هەرچی ڕۆ هەن مشۆم فکریەونە بزانوو تاوو تەحەمل کەروو دەسێ قڵیشیێ و ئێشێ وزو دلێ ئاوێ چیێ و سابونی کزنێ.	Standard		Hawrami
دوو حەفتە جارێک زمانێک لەناودەچێت.	دوێ حەفتێ جارێو زوانێو فوتیۆ و دلێنە مشۆ.	Standard		Hawrami
ئەوەی کە لەناو پاڵێوراوەکان نەماوە و شوێنی دیار نییە.	چێوەی کە دلێ پاڵەویەکانە نەمەنەبیەن و شۆنیش نیەنە.	Standard		Hawrami
داواکارییەکەیان قبوڵبکەن.	داۋاکارییەکەیشان قبوڵبکەرانە.	Standard		Hawrami
بۆیە هەر چالاکییەک لە دژیان ئەنجام دەدرێت عیبادەتە و بە خێری ڕۆژوو حسابە.	پۆکەی هەر چالاکیێ دژشان ئەنجام مدریۆنە عیبادەتەن و بە ڕۆچێ خێرێ حسابەنە.	Standard		Hawrami
گەندەڵی و ساختەکاری و پاوانکاری و خراپی سیستەمی لە کوردستانی خوارەوەدا خستۆتەڕوو.	گەندەڵی و ساختکاری و پاوانکاری و خراپی سیستەمیش جە کوردستانی وارین ۋستەن ڕووە.	Standard		Hawrami
یەکێکیان ئەحمەدی کاسی نوسیویەتی.	یوەمشان ئەحمەدی کاسی نویستەن.	Standard		Hawrami
دیموگرافیای سنوری بۆ هەمیشە بگۆڕێت و کورد بە تەواوی لە ناوچەی ئارامدا بکاتە کۆچبەر.	دیموگرافیا سنوری پەی هەمیشەی بفاڕۆنە و کورد بەتەمامی جە ناوچەی ئارامەنە کۆچبەر بکریۆنە.	Standard		Hawrami
لە خانەقین و ناوچەکانی نیشتەجێن کە سەرجەمیان نزیکەی یەک ملیۆن کەسن.	خانەقین و ناوچەکێش نیشتەجانێ و سەرجەمشان نزیک بە یەک ملیۆن کەسێنێ.	Standard		Hawrami
بڕیاریدا ڕێگری بکات لە دروستبوونی شەڕی ماڵوێرانکەر لە سوریا و هەرێمەکەدا، هێزە شەڕانگێزە جیهانیی و هەرێمییەکان ئەو نەکەن بە ئامڕاز بۆ هەڵگیرساندنی شەڕەکە و دەستێوەردان لە سوریا و هۆزی میانی.	بڕیاش دا ڕاگیری جە هۆرگیرسنای جەنگی یانەۋێراکەری جە سوریا و هەرێمەکەنە بکەرۆنە و هێزە جەنگەرانە جیهانی و هەرێمیەکێ ئاڎی نەکەرانە بە ئامراز پەی قۆمیای جەنگەکەی و دەستوەردای جە سوریای و وەرهۆزی میانی.	Standard		Hawrami
هەموو شەوێ جلی مەکتەبی منداڵەکەم دەشۆم و لە خودام داوایە تاکو بەیانی وشک ببنەوە.	گرڎ شەوێ جلێ زاڕوڵە مەکتەبیەکەیم شۆرو و خوڎا خوڎایچما تا ساحبێ وشکێ باوە.	Standard		Hawrami
هاوکات کردە خۆکوژییەکە زیانێکی زۆری مادی بە چێشتخانەکە، باڵەخانەکانی دەوروبەری و چەند ئۆتۆمبێلێکی هاوڵاتیان داوە.	هاموەخت کەردە وێکوشیەکە زیانی فرەی ماددیش بە چاشتخانەکەی و باڵەخانێ دروبەری و چندین ماشینێ هاموڵاتیان یاونان.	Standard		Hawrami
پارەکەیم ژمارد.	زەڕکەشم ژمارا.	Standard		Hawrami
ژیان هێلانەیەکی ڕابردووە.	زوان هلیانەو ویەردەینە.	Standard		Hawrami
ئەمەش بووە بە هۆکارێک تا گرانی و هەژاری و نەداری زیادبکات و لە ئەنجامدا خەڵکەکە هیچ ئاسۆیێک بۆ چارەسەرکردنی شک نەبەن و پەنا بۆ خۆکوشتن و کۆتاییهێنان بە ژیانیان بەرن.	ئینێچە بییەن بایس تا گرانی و هەژاری و نەداری پەرە بسانۆنە و دەرەنجامشە خەڵکی کەی هیچ ئاسۆیە پەی چارەسەری نمەوینۆنە پەنا پەی وێکشتەی و دیمایی ئاوردەی بە ژیوایش باوەرۆنە.	Standard		Hawrami
هاتبوون بۆ سلێمانی تا بەژداربن لە یادی کوڕەکەیاندا.	ەۋە ئامێبێنۍ پەی سلێمانیێ تا بەشدری جە یادو کوڕەکەیشانە بکەرانێ.	Standard		Hawrami
هەموو دەزگایەکی ڕێنیشاندەر دەبێت پابەندی ئەم یاسایەبێت.	گرد دەسگایە ڕایاونەرە مشۆ پابەنڎوو ئی یاسایە بۆ.	Standard		Hawrami
کە پشتیان بەستووە بە ئازادی ژن و ژینگە پارێزی و ئیکۆلۆژی کۆمەڵایەتی بەدیدەهێنن، دەیانەوێت وەکو پارت و بزوێنەری ئەم پارتە لەم چوارچێوەیەدا تێبکۆشن و خەبات بکەن .	کە پەشت قایمەن بە ئازادیى ژەنێ و ژیۋگەپارێزی و ئیکۆلۆژیی کۆمەڵایەتی کەردەیی مەکریۆنە و بەدی ماۋریۆنە و گەرەکەن ئاڎێ چوون پارت و جمیەر جەی چوارچێۋەنە بکۆشانە و خەبات بکەرانە.	Standard		Hawrami
مینۆرسکی دەڵێت گۆران ییەکان لە ئەسڵدا لە گاوبارەبوون کە شوێنی سەرەتایان ناوچەی خەزەر و دەلیمان و تەبەرستان بووە.	مینوورسکی ماچۆ گۆرانێ جە ئاسڵەنە گاوبارە بیێنێ کە ئەوەڵ یاگێشا جە مەنتەقەو خەزەر و دەیلمان و تەبەرستانی بیێنە.	Standard		Hawrami
ئێستە داعش سەرێکانی و گرێسپی دژ بە کورد بەکاردەهێنێت.	ئیسە داعش جە سەرێکانی و گرێسپی دژ بەکوردی بەکاربەرۆنە.	Standard		Hawrami
خۆشبەختانە یان بەدبەختانە تەنانەت بە ڕوکەشیش بۆ بەرفراوانکردنی خەیاڵ یان دڵخۆشکردنی گەلی غەدرلێکراو چاویان بە هیچ شتێک نەکەوت.	وەشبەختانە یا بەدبەختانە تەنانەت بەڕواڵەت و پەی وەرپانیی خییاڵیی یا دڵوەشکەرییو گەلیی غەدر چەنە کریایچ بە هیچ کلوجێو نمەکەوت وەروو چەمان و واتان.	Standard		Hawrami
لە بنکەی فەرهەنگی ئەدەبی لە سنە مەلا مستەفا بێسارانی دانیشتنی ئەنجامدا کە بابەتە ئەدەبیەکانی هەفتەی تێدا هەڵسەنگێنرا.	جە سنە بنکەو فەرهەنگی ئەدەبی مەڵا موستەفا بێسارانی ئەرەنیشتەیش ئەنجام دا و بابەتێ ئەدەبیێ هەفتەی هۆرسەنگیێ.	Standard		Hawrami
بۆیە زمانی دایک بۆ هەموو کەسێک لە هەموو شتێک گرنگترە.	پۆچی زوانی ئەذایی پێ گرد ئینسانە جە گرد چێوە مۆهمتەرا .	Standard		Hawrami
کاتێک کە هاتمەوە سەیردەکەم کولانەکە پڕە لە مێش و پوشەکەشی لەوکاتەوەی ڕۆشتوم نەگۆڕدرابوو.	وەختێ ئامانێوە مڎیەو گولانەکە مەشا دانەنە و پوشەکەکەیچش چا وەختۆ لوێبێنا نەفاڕیابێ.	Standard		Hawrami
یەپەژە، نوێنەری سوریا و کۆمەڵێ لە هاوڵاتیان قارەمانانە دژ بە داگیرکەرییەکانی سوپا فاشیستەکەی تورکیا وەستانەوە.	یەپەژە و گەلێ سەرنیشت و وەرهۆرز سوریای قارەمانە دژ بە ئەرەگێرتەیی سپا فاشیستەکەو تورکیای مدرێنێۋە.	Standard		Hawrami
نەک گەرد و تۆزی ژەهراوی.	نەک گەردو توزی ژەهراوی.	Standard		Hawrami
لە دوای چالاکییەکە دوژمن بە تۆپ و هەلیکۆپتەری جەنگی بۆردوومان و تۆپبارانی کردووە، کوژراو و بریندارەکانی دورخستۆتەوە.	دمای چالاکییەکە دوژمن بە تۆپێ و هەلیکۆپتەرێ جەنگیێ بۆردومان و تۆپۋارانش کەردەن و کوشتۍ و بریندارەکەش بە کۆپتەر دوورێ ۋستێنێۋە.	Standard		Hawrami
عادل عەبدولمەهدی سەرۆک وەزیرانی عێراق نامەی دەستلەکارکێشانەوەکەی کە بۆ پەڕلەمانی ناردبوو ئاشکرا بووە و داواکارە کە پەڕلەمان بەزوویی دەستلەکارکێشانەوەکەی قبووڵبکات.	عادل عەبدولمەهدی سەرەک وەزیرانو ئێراقی نامێ دەست جەکارکێشتەکەیش کە پەی پارلەمانی کیاستێنە ئاشکرا بییە و جە میانشەنە داۋاکارەن پارلەمان بەزوویی دەست جەکارکێشاکەیش قبوڵ بکەرۆنە.	Standard		Hawrami
جێبەجێکار و نوێنەری حیزبی و حوکمی بەژداربوون.	پەیجۆرکارێ و نمایەندێ حزبیۍ و حکومیۍ بەشدارێ بیۍ.	Standard		Hawrami
ڕێزان ساریجە و نەورۆز ئوویسال پارێزەرەکانی ڕێبەری گەلی کورد عەبدوڵڵا ئۆجەلان لە شاری بورسا بە کەشتی بردران بۆ زیندانی ئیمرلی.	ڕێزان ساریجە و نەورۆز ئوویسال پارێزەرێ ڕێبەرو گەلو کوردی عەبدوڵا ئۆجالان جە شارو بورسای بە کەشتی شیێ زیندانو ئیمرلی.	Standard		Hawrami
غرور ناڕوخێت.	غرور مەوریۆرە.	Standard		Hawrami
ڕۆح خرۆشا و نە ڕوناکیێک دیارە نە مانگەشەو.	ڕۆح خراشیا و وەرچەمگا بێ ڕۆچن و مانگەشەوە.	Standard		Hawrami
لە عێراق دەستگیرکران و دواتر لەسێدارە دران.	و ئێراقی دەستگیرێ کریێ و دماتەر جەدار دریێ.	Standard		Hawrami
ئێمە هێشتا مویێکمان هەڵنەوەریوە بۆیە ناکەوینە گیاندان و هاوار و داد.	ئێمە هەڵای موێومان نەڕێزان مەگنمێنە گیان کەنشت و هاوار و داد.	Standard		Hawrami
کاکەییەکان هەڵیانکوتایە سەریان، گوندەکەیان گرت و خەڵکەکەیان کوشت.	کاکەیەکێ مجیای ملشارە و دەگاکێشا گێرتە و خەڵکەکەشا کوشت.	Standard		Hawrami
دوای چالاکیەکە ترافیکی وێستهگەکە تەقیوەتەوە و زیانێکی زۆری مادی بەر ناوچەکە کەوتووە.	دوای چالاکیەکە ترافیکی وێستگەکە تەقیوەتەوە و زیانێکی زۆری مادی بەر ناوچەکە کەوتووە.	Standard		Hawrami
لە پیرانی لای خۆمان دەمانبیست کە فڵان زۆر قسە دەکات.	جە پیرا لا وێما ئەژنەوێنمێ کە بیە فلانی فرە ڕێسۆ .	Standard		Hawrami
ئەو زمانەی کە قسەپێکەرەکانی ڕۆژ بە ڕۆژ  ژمارەیان کەم دەبێتەوە.	زوانەی کە گۆکەرێش ڕۆبەڕۆ ژمار و نفووسشا کەم بۆوە.	Standard		Hawrami
وادەردەکەوێت کە یارسان زیاتر لە ئاینی مێهری نزیکترە وەک لە ئاینی زەردەشتی.	پاسە دیارا کە یارسان فرەتەر بە ئایینوو مێهری نزیکتەرا تا زەردەشتی.	Standard		Hawrami
هاتومەتەوە بۆ ماڵەوە.	ئامانیوە یانە.	Standard		Hawrami
چونکە لەو کاتەدا پیاوانی ئەو سەرزەمینە دینیان زەردەشتی بووە.	چون ئاوەختی مەردمو ئا سەرزەمینە دینشان زەردەشتی بیەن.	Standard		Hawrami
بۆردوومانیان کردونەتەوە.	یشان بۆردومانێ کەردێنێۋە.	Standard		Hawrami
وەکو تاوانێک لە بەرامبەر خۆیانەوە ناویانبردووە، لەو چەند ساڵەی ڕۆیشتووە تاکو ئەمڕۆ هەزاران خەمخۆری زمانی دایکیان دەستگیر کردووە.	پسۆ تاوانێ جە وەرانوەروو وێشاوە نامێشا بەردەن و جە چن سالی ویەردە تا ئارۆ بە هەزاران خەم وەرێ زوانی ئەدائیشا دەس بەسەر کەردێنێ .	Standard		Hawrami
هەمان کوالیسیۆن خۆشحاڵی خۆیان دەردەبڕی و ئاماژەیان بە ماف و ئازادییەکان دەکرد بۆ کورد.	هەمان کوالیسیۆن خۆشحاڵی خۆیان دەردەبڕی و ئاماژەیان بە ماف وئازادیەکان دەکرد بۆ کورد.	Standard		Hawrami
بەم جۆرە دەنگی ناڕەزایەتیەکانی ناو داعش کپ کرانەوە و دوایی کۆتایی بە ناڕەزایەتیەکان هێنرا.	بەی تەورە دەنگە ناڕزایەکێ دلێ داعشی کپێ کریێوە و دمایی بە ناڕەزایەتیەکان ئاوریان.	Standard		Hawrami
هاوتەریب لەگەڵ سیاسەت ڕۆڵی لە ڕۆشنبیری و ڕۆژنامەگەری هەبووە.	هامتەریب چەنی سیاسەتی ڕۆڵش جە ڕۆشنگەری و ڕۆچنامەگەری بییەن.	Standard		Hawrami
لە پایتەخت کۆببێتەوە.	و پایتەخت کۆبیێۋە.	Standard		Hawrami
هیچ لایەنێکی دیکەی کوردی نییە.	ی و هیچ لایەنێوی تەری کوردی نییەن.	Standard		Hawrami
ژنی ئێزیدی دادەمەزرێن.	و ژەنێ ئێزدیێ مەرزیارە.	Standard		Hawrami
لە سەرجەم قوتابخانەکان زمانی کوردی قەدەغە کرا و بە زۆر زمانی کوردی شوێنی گرتەوە.	جە سەرجەم قوتابخانەکانە زوانی کوردی قەدەغە کریا و بە زۆر زوانی تورکی یاگێش گێرتەوە.	Standard		Hawrami
ئەمە لە دڵمدا دەنوسرێت و جار وبار لەبیری دەکات لەکوێ بڕیاریداوە، دڵ دەردەدارە و لە دوورەوە سەیرتان دەکات، ئاخ لە ڕۆشنتان هەورامییەکان بۆ ئەوروپا.	ئینە دڵمەن مەنویسۆنە و جار جار ویرش مەشۆوە چکۆنە قەرارش گێرتەن.ئاد دەردەدارەن و مەدیۆنە شۆنیتانەرە.ئاخ کە لوایو شمە ئەی هەورامیەکان پەی ئۆرووپای	Standard		Hawrami
لای ئێوە چەندە سەختە.	لاشوە چندە سەختەن.	Standard		Hawrami
تاریخیان گۆرانی ناوە.	و تاریخشان گۆرانش نامێن.	Standard		Hawrami
شوێنی کۆبونەوە	هامکات تورکیا ئۆپەراسیۆنەکێش پێسەو دژبەری وێش پەی داعشی و دلێنەردەیش نیشانەو گلێرگەو تورکیا و ڕای گردیی میاندەوڵەتی دان و کەردێنێش بە دەستکەوت پەی وێش.	Standard		Hawrami
ئەمە تاریخبوو وتی بە ڕۆڵەکانی وڵەتی سەنەندج کە درۆ ناکات و موستەفازادە لەسەر حەقە.	ئینە تارێخ بی واتش بە ڕۆڵەکانو وەڵاتی سەنەندەجی درۆ مەدۆنە و موستەفازادە سەر بە هەقەن.	Standard		Hawrami
ئەمجارە من وازم نەهێنا.	ئیجارە ئەمن وازم نمەئاورد.	Standard		Hawrami
ئەڵێن خۆ دەرمان هەیە.	ماجدێ خۆ دەرمانگێ هەنێ.	Standard		Hawrami
بە ڕاوەستان و تێکۆشان و فیداکاری گەلەکەمان بەتایبەتی ژن و گەنجە تێکۆشەرەکانمان ئازادیمان زیاتر و فراوانتر دەبێت و پەرەی پێ دەدەین.	بە مدرامان و کۆشای و فیدارکاری گەلەکەیمان بەتایبەتی ژەنی و گەنجێ کۆشاییشی ئازادیمان زیاتەر فراوانتەر مەبۆنە و پەرەش پنە مڎێمێنە.	Standard		Hawrami
ئەمە ڕاستییە و وەکوخۆی پێویست بە وتنی ناکات	ئینە هەقێقەتەن و عەینیەن لازم بە واتەی نمەکەرۆنە و هیچ تەوفیرێوەشان ویەرو ساختاریوە نییەن.	Standard		Hawrami
تاکو ئێستاش کۆنفوشیوس یون لە فەیلەسوفە بەناوبانگەکانی چینە کە زۆرترین جێدەستی دیارە.	تائیسەیچ کۆنفوشیوس یون جە فەیلەسوفە نامیەکاو تەمەدنو چینی کە فرەترین یاگەدەسش دیارەن.	Standard		Hawrami
بە بەژداری کوردی هەرچوار بەشی کوردستان کەمپین پێكهات.	بە بەشداری کوردێ هەر چوار بەشێ کوردستانی کەمپین پێکئاما.	Standard		Hawrami
لە کۆگاکەدا سەدان ئۆتۆمبێل دەستنیشان کراون و سەرجەمیان کراونەتە ئامانج بۆ تەقاندنەوەیان، لە ئاکامدا دەیان ئۆتۆمبێل بە تەواوی سوتێنراون و لەناوبراون بە دەیانی دیکەش زیانیان پێگەیێندراوە.	جە هەمبارەکەنە سەدان ماشینێ دەستنیشانێ کریێنێ و بە چەندین تەقنایێ پەیاپەیێ سەرجەمشان کریێنێ ئامانج و جە ئاکامەنە دەیان ماشینێ بە تەمامی سۆچنیێنێ و دلێنەبریێنێ و بە دەیانی تەریچ زیانشان ۋنە دریان.	Standard		Hawrami
ئەوەش نیگەرانی و توڕەیی خەڵکە کارەساتبارەکەی لێ کەوتوەتەوە.	ئانەیچە نیگەرانی و توڕەیی خەڵکە کارەساتبارەکەیش ونەکەفتنەوە.	Standard		Hawrami
دەڵێن جارێک لە یەکێک لە لادێکانی هەورامان ئێوارەیەک دوای نانی ئێوارە خەڵکی زۆر لەسەر حەوز کۆدەبنەوە و دەنێرن بە شوێن میرزا فڵانەکەسدا کە گێڕەرەوەبووە.	ماچا جارێوشا جە یۆ جە دەگاکاو هەورامانی وێرەگانێو دماو نانوو وێرێگای خەڵکی فرە سەروو حەوزی گلێرێ باوە و کیانا شۆنەو میرزافڵانەکەسی کە ڕاز ئەوەگێڵن بیەن.	Standard		Hawrami
باقی شەفیعی هونەرمەندێکی میللی و لولەژەنێکی بەتوانا و کەسێکی کۆڕ و کۆبونەوە خۆشەویست بووە.	باقی شەفیعی هونەرمەدێوی میللی و لولەژەنێیوی بە تواناچ بێ و کەسیێوی کۆڕ و کۆبییە گەرم و وەشەویس و گەلمیر بێ.	Standard		Hawrami
ڕۆژانە پێویستمان بە نیو سەعات وەرزش هەیە.	ڕوانە ئەوەجەما بە نیم سات وەرزشی هەن.	Standard		Hawrami
گەمارۆدان و دەورەدانی گەریلاکان.	گەمارۆدای و دەورپێچکەدای گەریلاکان.	Standard		Hawrami
لەسەر ئەو حسابە خەڵکەکەمان بە پێی ڕەفتارەکانی دەوڵەت هەمیشە پشتی بە خۆی بەستووە.	سەروو ئا ئەساسەیە خەلکەکەما بە پاو رەفتارەکا دەوڵەتی هەمیشە پەشتیس بە وێش بەستەن.	Standard		Hawrami
ڕاست گێڕانەوە زۆر گرنگی پێ دراوە.	ڕاز ئەوەگێڵنای فرە ڕەواجش بێ.	Standard		Hawrami
ئەگەر لە ڕۆژگاری ئەمڕۆدا سەرنجی زنجیرە ڕووداوەکانی کوردستان و سەرۆکی میانی بدەین بێگومان قسەکەی ئۆجەلان پشتڕاست دەبێتەوە.	ئەگەر جە ڕۆزگارۆ ئارۆیەنە دیقەتو ڤییەرە و ڕوودایە شۆن بەشۆنەکانو کوردستانی و وەرهۆرزو میانی بڎێمێنە بێگومان قسەکێ ئۆجالانی پەشتڕاست مەکەرانێوە.	Standard		Hawrami
بەڵام هەرگیز کەمناکات و ساڵیداهاتوو وەکو خۆی لێدێتەوە.	بەڵام هەرگیز کەم نمەکەرۆنە و ساڵی ئایندێ پێسەو وێش پنە مەیۆوە.	Standard		Hawrami
سەرئەنجام ئەوە گەل و هێزە شۆڕشگێڕەکانی ڕۆژئاوای کوردستانن دیاری کراون و هاوکێشەکان ناگۆڕێن.	سەرەنجام ئانە گەل و هێزە شۆڕشگێڵەکێ ڕۆژئاواو کوردستانیەنێ دیاریکەرێنێ و هامکێشەکان مەفاڕانە.	Standard		Hawrami
پژاک بوو کە فەلسەفەی خۆبەدەستەوەدانی لەناوبرد.	پژاک بێ کە فەرهەنگ و تەسلیم بییەیش بن بڕ کەرد .	Standard		Hawrami
کردن و مەشق پێکردنی تورکمانەکان و بردنی سەدان تورکمان بۆ تورکیا و پەروەردەکردنیان بە فکری فاشیستی.	کەردەی و مەشق پنەکەردەی تورکومانەکان و بەردەی سەدان تورکومانان پەی تورکیای و پەروەردەکەرەیشان بە فکری فاشستی.	Standard		Hawrami
قەیرانەکانی سیستەم لە ڕۆحی کۆمەڵگا دوردەخاتەوە.	قەیرانەکا سیستمی جە رۆحوو کۆمەڵگەی دوو وزۆوە .	Standard		Hawrami
لەبەرئەوەی  پێشبینی کردبوو ئەگەر کورد گوشاری بخرێتە سەر ئەوکاتە داوا لە ڕژێمی سوریا دەکات تا بۆ پاراستنی سنورەکانی هێز بنێرێت بۆ ڕۆژئاوا.	وەروو ئانەیە کە ۋەرۋینیش کەردەبێ ئەگەر کورد گوشارش بگنۆنە سەر ئا وەختە داوا جە رژێمو سوریای مەکەرۆنە تا پەی پارێزنای سنوورەکانش هێز بکیانۆنە پەی رۆژئاوا.	Standard		Hawrami
دواتر دوژمن بە هەلیکۆپتەر بکوژن و بریندارەکانی بگوازنەوە بۆ نەخۆشخانە.	دماتەر دوژمن بە هەلیکۆپتەر کوشتێ و بریندارەکەش فاڕێنێ نەوەشخانە.	Standard		Hawrami
هاوکات جەماوەری ناڕازی دەیان بانک و بینای سەر بە دەسەڵات و سەدان سەیارەی پۆلیس و هێزە ئەمنیەکانیان لەناوبردوەو سوتاندووە.	هامکات جەماۋەری ناڕازی دەیان بانکێ و تەلارێ سەر بە دەسەڵاتی و سەڎان ماشینێ پۆلیس و هێز ئەمنیەکانشان ئێر دێنێ و سۆچنێنێ.	Standard		Hawrami
گەلەکەمان بە ڕێکخستنی خۆی بەهۆی یارمەتیدانی لێقەوماوان ئەو ڕاستیەی دەرخستووە کە شایەنی ژیانێکی ئازادانەیە.	گەلەکەما بە رێکوستەو وێش چێرو پێ یاریدای وەنەقۆمیایا ئا راسیشە بەر وست کە لایقوو ژیوایە ئازادیا.	Standard		Hawrami
یەکەمین مەیدانی تێگەیشتن و ناسین دووەمین مەیدانی پەیوەندی.	یوهەمین مەیدانوو ئەنەیاواینە و ئەژناسای دوەمین مەیدان و پەیوەندی .	Standard		Hawrami
یارسان و هەورامان لە دێرینەوە تاکو ئەمڕۆ پەیوەندییان هەبووە و تێکەڵی یەکتریبوون هەربۆیەش نوسەر ئیبراهیم شەمس زانستیانە           کردووە.	یارسان و هەورامان جە دێرینە تا ئارۆ پەیوەندێ و ئامێتێ هەنتری بیێنێ و چی پەیجۆرەنە نۋیسەر ئیبراهیم شەمس زانستیانە مژارەکەش شەی کەردەن.	Standard		Hawrami
لەشوێنی خۆیدا دەنگمان بەرز دەکەینەوە و دەڵێین ناسنامەمان لێسەندرایەوە و ئازادیمان نییە.	یاگێ وێشەنە کە دەنگما بەرزکەرمێوە و واچمێ شناسنامەما چەنە ئسنیانەوە و ئازادیما نیا .	Standard		Hawrami
نە هەمانبووە و نە بینیومانە.	نەبیەنمان و نەدیەنمان.	Standard		Hawrami
ئیتر هێزی کەپیتاڵیزمی مۆدێرن و دەسەڵاتدارە هەرێمییەکان چیدەکەن با بیکەن ناتوانن ئیرادەی گەلەکان کەم بکەنەوە و بیشارنەوە ناچارن حسابی بۆ بکەن.	ئیتر هێزە کاپیتالیزمە مۆدێرنەتەکێ و دەسەڵاتدارە هەرێمیەکێ چێش مەکەرانێ با بکەرانێ نمەتاۋانێ ئیرادەو گەلانی ئاستەنگ بکەرانێ و نادیڎەش بگێران و ناچارێنێ حسابش پەی بکەرانێ.	Standard		Hawrami
تەنیا یەکجار لە بەرەی جەنگی حاجی ئۆمەران بەکاریهێناوە دژی ئێران.	تەنیا یەک جار جە بەرەو جەنگ و حاجی هۆمەرانی بەکارش ئاوردەن دژو ئیرانی.	Standard		Hawrami
تێکدانی ژینگەیە بۆ بەدەست هێنانی قازانج.	تێکداو ژیوگەیا پێ دەس وستەو قازانجی .	Standard		Hawrami
ئەگەر هەورامیەکان یەکنەگرن ناتوانن مافە خوراوەکانیان بەدەستبهێننەوە.	ئەگەر هۆرامیێ یۆگێرتێ نەبانە نمەتاوانێ مافه وریاکانشان بەدەست بارانێوە.	Standard		Hawrami
هەر بۆیە لە نێوان ئێمە و دەوڵەتە داگیرکەر و فاشیستەکەی تورکیادا شەری دژوار هەیە و لە ئایندەدا دژوارتریش دەبێت.	هەر پۆکەی میانو ئێمە و دەوڵەتە ئەرگێر و فاشیستەکەو تورکیایەنە جەنگی دژوار هەن و جە ئایندەنە جەنگەکە دژوارتەریچ ببۆنە.	Standard		Hawrami
وە بۆ سابون.	وە پەی سابونی.	Standard		Hawrami
زمان نیشاندەری هەستەکانی ئینسانە.	زوان نیشاندەروو هەستەکا ئینسانین .	Standard		Hawrami
لە پاوەشار بە بەژداری چەندین ژن و پیاو کۆنسێرتێکی هونەری سازکرا. 	جە پاۋە شار بە بەشداری چەنڎین هونەرمەندێ ژەنی و پیێ کۆنسێرتی هونەری ساز کریا.	Standard		Hawrami
کە ئێمە بەرەو سۆسیالیزمی دەبات.	کە ئێمە بەرەوو سۆسیالیزمی مەبەرۆنە.	Standard		Hawrami
لە ئێران و جیهاندا چەندین کەمپین و چالاکی ئەنجام دراون.	ئێران و جیهانەنە دەیان کەمپینێ و چالاکیێ جۆراوجۆرێ ئەنجامێ دریێنێ.	Standard		Hawrami
بۆیە لەناوبردنیان مەحاڵە.	پۆکەی دلێنەبەردەیشان مەحاڵەن.	Standard		Hawrami
نەتانتوانی وەکو سەیدی گەورە ئاشقانە لە سەرای هەورامان گەورەبن.	نەتاواتان عەینو سەیدی گەورە ئاشقانە سەراو هەورامانی گەورێ بیدێنە.	Standard		Hawrami
هەرئەوەش وای کردووە کە بەشێک لە هەورامییەکان لە ئێستەو ڕابردووشدا ڕقیان لە گۆشایش بێت و وەکو سوکایەتیپێکردن بە مەولاناگۆشایشە کوێر ناوی دەبەن.	هەر ئانەیچە پاسەشە کەردەن کە بەشێو جە هەورامیەکان جە ئیسە و ویەردەنە قینیشان جە گوشایشی بەیۆنەو پێسەو سوکایەتی کەردەی پەنەش بە مەولاناگوشایشە کۆر نامێش مەبەرانە.	Standard		Hawrami
هێزە عێراقییە جۆراوجۆرەکان هەماهەنگی لە نێوانیاندا نییە.	هێزە ئێراقیە جیا جیاکێ هەماهەنگی جە میانشانە نییەن.	Standard		Hawrami
لە خەرجی خواردن کەم دەبێتەوە.	جە خەرجو وارڎەی کەم بۆوە.	Standard		Hawrami
هەر ئەوانەش تا ڕادەیەک هۆکار بوون بۆ گەشە و پەرەسەندنی فکری نەتەوەیی و دەرئەنجام بوون بە زەمینەیەکی گرنگ بۆ دروستکردنی کۆماری کوردستان.	هەر ئانەیچە تا ڕادێوە هۆکارێ بێنێ پەی گەشە و چەکەرەکەردەی فکری نەتەوەیی و دەرنجام بیێ بە زەمینەسازێوی گرنگ بێ پەی دورست بییەی کۆمارو کوردستانی.	Standard		Hawrami
بەفرێک دەبارێت بەفرە کۆنەکە دەتوێنێتەوە، گوریس کە لەت دەبێت دەبێتە چوار سەر (مەبەستی لە چوار مەزهەبەکەیە). 	وەرێ وارۆنە وەروە وەرێنە وەرێسەپڕچیۆ چوار سەرێنە	Standard		Hawrami
بەیەکەوە نەبوون.	یەوە نەبییەن.	Standard		Hawrami
گەورەکەش بەتەنیا لەلای گۆمەکە یاری دەکرد.	گەورەکەیچ وێش تاق و تەنیا لا گمێنە گەمە کەرێ.	Standard		Hawrami
هیچکام لەم شتانە هەرگیزاو هەرگیز نین.	هیچ کام چی چێوا حەرگیزاو حەرگیز نیەنێ.	Standard		Hawrami
لە ئێستادا تورکیا واهەست دەکات سەرکەوتوە و پڕوپاگەندە بۆ ئەوە دەکات.	جە ئیسەنە تورکیا ئەرجیۆش سەرکەوتەن و پڕوپاگەندە پەی ئانەیە مەکەرۆنە.	Standard		Hawrami
کە ئەوانەش شەڕی زۆر سەختیان دژ بە فاشیزم و داگیرکردن بە شوێندا هات.	کە ئانێچە جەنگی فرە سەختش دژ بە فاشیزمی و ئەرەگێرتەیی شۆنیەر ئوما.	Standard		Hawrami
ئەوانەش تەنیاو تەنیا لە ڕۆژئاوا هەن.	ئانێچە تەنیا و تەنیا جە ڕۆژاڤانە هەن.	Standard		Hawrami
هێزەکانی سەر بە ناوچەی شێرئاوامان هێرشیان کردووەتە سەر بنکە و بارەگای سەر بە فەیلاق ئەلشامی بەکرێگیراو.	ی سەر بە ناوچەی شێراوای هێزاکێمان هێرشان کەردەن سەر و بنکێ و بارەگایەکێ چەتەکێ سەر بە فەیلەق ئەلشامی بەکرێگیریای.	Standard		Hawrami
بێنا موزیکزان.	بێنا موزیکزان.	Standard		Hawrami
ڕاستە تێکۆشانە بە کۆمەڵەکەی ئۆجەلان و میللەت  ئامانجی نەپێکا بەڵام تا ئەمڕۆش بەجۆرێک جێی بەردەوامییە.	ڕاستەن گەلەکۆمەکە بە بەکۆشای ئۆجالانی و گەلی ئامانجش نەپێکا بەڵام تا ئارۆچ بە شێۋازێ جیێ بەردەۋامەن.	Standard		Hawrami
تەحریر ئەلشام و هێزەکانی سوریای ئازاد دەکرد لە سوریا کە تەنیا جلەکانیان دەگۆڕان و هەموو سەر بە ئەلقاعیدەن.	تەحریر ئەلشام و هێزەکانی سوریای ئازاد دەکرد لە سوریا کە تەنیا جلەکانیان دەگۆڕان و هەموو سەر بە ئەلقاعیدەن.	Standard		Hawrami
کە لە چەند سەد مەترێکی چوارگۆشەدا دەوردراون.	کە جە چنڎ سەد مەترێ چوارگۆشەنە دۆرپێچێ کریێنێ.	Standard		Hawrami
کیمیابارانی شاری هەڵەبجەی کرد.	ی کیمیاۋارانو شارو هەڵەبجەیش کەرد.	Standard		Hawrami
چەتەکانی داعش عەفرینیان داگیرکرد.	چەتەکانی داعش عەفرینیان داگیر کرد.	Standard		Hawrami
بەڵام گۆشەگیری ئەمڕۆی سەخت و دژوارە و ئەوەش پەیوەستە بە بارودۆخی سیاسییەوە.	بەڵام گۆشەگیری ئارۆی سەخت و دژۋارەن و ئانەیچ پەیوەستەن بە بارودۆخی سیاسی.	Standard		Hawrami
رێکەوتنەکەی هەڵوەشاندەوە.	ڕێکەوتەکەش هۆرشانەۋە.	Standard		Hawrami
حوکمەتە مەرکەزییەکان زۆرینەیان تا ڕادەیەک وەکو یەکن لە شێوەی بەڕێوبردن بەڵام دەسەلاتی لامەرکەزی لە بەڕێوبردندا زۆر جیاوازە. 	حکومەتە مەرکەزیەکێ فرێشا تا ڕادێو پسەنێ یۆی جە شێوەو ڕاوەبەردەیۆ بەڵام دەسەڵات و لامرکەزی ڕاوەبەردەی کانتۆنەکا فرە جیاوازا .	Standard		Hawrami
بەڵام زیانی گەورەی لێکراوە و سەرنەکەوتوە و دۆڕاوە.	بەڵام زیانی مەزنش ۋنە کەوتەن و سەرنەکەفتەن و دۆڕیان.	Standard		Hawrami
دەبێت بە زوترین کات بنکە ئاگادار بکەنەوە بۆ گەیاندنی هاوکارییەکە.	مشۆم جە زووتەرین وەختەنە کۆمیتەی ئاگادار کەرۆوە پێ کۆمەک یاونای .	Standard		Hawrami
ڕێگانەدان بە خوێندنی زمانی دایک شەرمەزاریە و شەڕی         بۆ تواندنەوەی شوناسمان.	ڕانەدای بە ۋانای زۋانی ئەڎایی شەرمەزاریەن و جەنگی ڕۆچانەن پەی ئەوەتاونای شوناسیمان.	Standard		Hawrami
ئاخر ئێوە زۆر دورکاوتونەتەوە و خۆتان بە ئەوروپا لە قەڵەم نادەن باوانەکانی لەیلێ.	ئاخور شمە فرە دوورێ کەوتێندێوە و وێ بە ئۆرووپایی مەدەیدێنە قەڵەم باوانەکانو لەیلێ.	Standard		Hawrami
لە سەماکەدا نوێنەرانی کەمپینەکە سەبارەت بە داگیرکاری و تاوانەکانی تورکیا کە لە کوردانی باشوردا ئەنجامیان دەدات یاداشتنامەیان بە فراکسیۆنەکان داوە.	جە سەرداکەیەنە نمایندێ کەمپینەکەی سەبارەت ئەرەگێرتەیی و تاۋانەکێ تورکیا کە جە کوردستانی وارین ئەنجامێشان مڎۆنە یاداتشنامەشان بە فراکسیۆنەکان دان.	Standard		Hawrami
بەمجۆرە دەیەوێت شکست و لاوازییەکانی پەردەپۆش بکات و دەسەڵاتە ستەمکارییەکەی درێژە پێبدات.	بەی تەورە ئامانجشەن شکستێ و لاۋازییەکانش پەردەپۆشێ بکەرۆنە و دەسەڵاتە ستمکارانەکەیش درێژە پنە بڎۆنە.	Standard		Hawrami
لە مەراسیمەکەدا هەردوو شوێنکەوتەی ئیسلام و زەردەشتی بەیەکەوە بە ژیرانە و ڕێزدارانە بەژدار دەبن.	جە مەراسیمەکەنە هەر دوێ شۆنکەفتەکێ ئیسلامی و زەردەشتی پێوەر بەهژیاری و ڕێزداری بەشدارێ مەبانێ.	Standard		Hawrami
بە هەمان شێوە هاوڵاتیێک لە ئەڵمانیا شەهید بووە. 	هەرپاسە جە ئەڵمانیا هاموڵاتیێۋ بە هەمان شێۋە شەهید بییەن.	Standard		Hawrami
لە گۆڕەپانی شیعر و ئەدەبی هەورامان و لەناو فکر و هۆشی خەڵکیدا ناوێکی هەڵکەوتە و دیارە. 	گۆڕەپانوو شێعر و ئەدەبوو هەورامانی و دلێ کۆماو خەڵکیەنە نامێوە هۆرکەوتێ و دیارە بێ.	Standard		Hawrami
تا حوکمەتی تورکیا سەرڕاست بێت لە سزاکەیدا و مافەکانی ئۆجەلان بەپێی یاسا مسۆگەر بکات.	تا حکومەتو تورکیا سەرراست بییەی جە سزاکێش بکەرۆنە و مافەکا ئۆجالانی بە پاو یاسای مسۆگەر بکەرۆنە.	Standard		Hawrami
بەڵکو هونەری ئازادترین و بەهێزترین ئەقڵەکان.	بەڵکوو هۆنەروو ئازاڎتەرین و عازاتەرین ئەقڵەکان.	Standard		Hawrami
زمان لە چوارچێوەی سیاسەتدا کەرەستەی دەسەڵاتە.	زوان جە چوارچێوەو سیاسەتینە کەرەسەو دەسەڵاتیا .	Standard		Hawrami
ڕێکخەری زۆرینەی کۆڕ و کۆمەڵە ئەدەبی و هونەریە مەحاڵەکانی هەورامان بووە.	ئەوەڕازنەروو فرەو کوڕ و کۆمەڵە ئەدەبی و هۆنەریەکاو مەحاڵەو هەورامانی بیەن.	Standard		Hawrami
گیانی لە دەستدا.	گیانش جەدەستدا.	Standard		Hawrami
بۆ بیروڕای هەموو جیهان و کورد و بەتایبەت بۆ هێزە کوردییەکان دیار و ئاشکرابوو.	پەی ویروڕاو گردی جەهانی و کوردی و بە تایبەت پەی هێزە کوردیەکا دیار و ئاشکرا بێ.	Standard		Hawrami
ئاقڵ و نەرم و نیان و خاوەن ئەدەب و هۆشە.	ژیر و نەرم و نیان و ساحیب نەزاکەت و ئاوەزا.	Standard		Hawrami
ئیش دەکات.	هەرمانە کەرۆ.	Standard		Hawrami
هێزی پارێزگاری جەوهەری ڕواڵەتی کوردستان بۆ ڕوبەڕووبونەوەی داگیرکارییەکانی تورکیا لە برادۆست فەوجێکی لەشکری دامەزراند کە فەوجەکە وریایی بەکرێگیراوەکانی تورکیا دەدات.	هێزو پارێزنای جەوهەری پانیشتو کوردستانی پەی ڕووبەڕووبییەی ئەرەگێرتەیی تورکیای جە برادۆست کەتیبێۋی لەشکریش مەرزنارە و کەتیبەکە وریایی بە بەکرێگیریاکێ تورکیای مڎۆنە.	Standard		Hawrami
دەستگیر و دادگایی نەکراون و سزا نەدراون و هیچ هەوڵێکیش نییە بۆ دەستگیرکردن و دادگایی کردن و گەیاندنیان بە سزا.	دەستگیرێ و دادگایی نەکریێنێ و سزا نەدریێنێ و هیچ هەوڵێویچ پەی دەستگیرکەردەی و دادگاییکەردەیی و بەسزا یاونایشان نییەن.	Standard		Hawrami
هەر بەو شێوەیە لە کاتی ڕەشبەڵەکدا کە کەم تا زۆر باو بووە لە مێژووی هەوراماندا.	هەرپاسە وەختو ڕەشبەڵەکینە کە کەم تا فرە باو بیەن جە قەدیمو هەورامانینە.	Standard		Hawrami
دوابەدوای چالاکییەکە دوژمن بێسەروبەرانە ناوچەکەی تۆپباران کردووە.	دمابەدمای چالاکییەکەی دوژمن بێسەوربەرانە ناوچەکەش تۆپۋاران کەردەن.	Standard		Hawrami
دەوڵەتی تورکیا هێزێک لە زلهێزە میانڕەوەکانی هەرێم هەڵدەگرێت و هێرش دەکات.	دەوڵەتو تورکیای بە هێزێۋ کە جە زلهێزە میاندەوڵەتیێ و هەرێمیەکان هۆرشمەگێرۆنە هێرش مەکەرۆنە.	Standard		Hawrami
هێزەکانی سوپا چەتەکانی تورکیا و عەرەبە شۆڤییەکانی عێراق ئەنجامدراوە.	هێزەکێ سوپا و چەتەکێ تورکیای و عەرەبە شۆڤینیەکێ ئێراقی ئەنجام دریان.	Standard		Hawrami
پەرەی سەندووە.	ی پەرەش سەندەن.	Standard		Hawrami
بەڵکو یەکێکە لە زمانە هەرە کۆنەکانی ئێران.	بەڵکوو یۆ جە کۆنتەرین زوانە ئێرانیەکایچەن.	Standard		Hawrami
بەو شێوەیە مەلا بەختیار بەرپرسی دەستەی کاروباری یەکێتی نیشتیمانی کوردستان قسەی کرد.	هەرپاسە مەلا بەختیار ۋەرپەرسیارو دەستەو کارگێڵنای یەکێتیی نیشتمنی کوردستانی قسێش کەردێ.	Standard		Hawrami
وایدەزانی بەو شێوەیە دەتوانێت ئیشم بۆ بدۆزێتەوە و یارمەتیم بدات.	ئەجێش پاسە تاوۆ هەرمانێم پەی بێزۆوە و ئینداڎێم بڎۆ.	Standard		Hawrami
لێرەوە ژمارە دوو بوو بە گرنگی ئەم حوکمڕانییە و تاکو کۆتایی ئەم فۆرمە دەمێنێتەوە.	چێگەوە ژمارە دووێ بی بە جەوهەرو ئی حکومڕانیەیە هەتا دمادمایی ئی فۆڕمە حوکمڕانیەیە هەر مەنۆوە.	Standard		Hawrami
خواردن و خواردنەوە و شیرینی جۆراوجۆری ناوچەیی ئامادە دەکرێت و بە میوانەکان دەدرێت.	واردەی و واردەیەۆ و شیرینی جۆراوجۆرێ ناوچەیی ئامادە مەکرانێ و مەڎانەشان بە مێمانەکان.	Standard		Hawrami
بۆیە دەیانەوێت هێزی گەلە ئازادیخوازەکانی هەرێمەکە دەستکەوتەکانیان زیاتر بکەن و دەستکەوتی دیکەی تازە پەیدا بکەن و لەم شەڕە جیهانییەدا زیاتر لە جاران کار و خەبات بکەن.	پەوکەی گەرەکەن هێزێ و گەلە ئازادیۋازەکێ هەرێمەکەی دەستکەفتەکانشان هێقمتەرێ بکەرانێ و دەستکەفتێ تەرێ تازێ بخوڵقنانە و جە ئەی جەنگە جیانیەنە زیاتەر جە جارانی کار و خەبات بکەرانێ.	Standard		Hawrami
لە شاری سنە بنکەی ئاهورا ئێوارەیەکی ئەدەبی بۆ هەڵسەنگاندن و ڕێزگرتنی تێکۆشانی ئەدەبی شاعیر و نوسەر  ڕەئوف مەحموود پوری ڕێکبخەن.	جە شارو سنەی بنکەو ئاهورای ۋێرەگانێۋی ئەدەبی پەی هۆرسەنگنای و ڕێزگێتەی جە کۆشاییشی ئەدەبی شاعیر و نۋیسەر ڕەوف مەحموود پووری ڕێکبوزۆنە.	Standard		Hawrami
دیارە منداڵەکە هاروهاجی کردووە و بۆیە باوکەکە لە دەستی بێزارە.	دیارا زارۆڵەکە هاروو هاجیش کەردەن و تاتەکە دەسشۆ ناراحەتا .	Standard		Hawrami
فەرحان متلک الجبوری بەرپرسی هەواڵگری ناوچەکانی کوردستان سزا دراوە.	فەرحان متلک الجبوری ۋەرپرسیارو هەوڵگری ناوچەکێ کوردستانی و سزا دریان.	Standard		Hawrami
بەم شێوەیە لە شاری قامیشلۆ سەدان هاوڵاتی تا بەردەم نوێنەرایەتی نەتەوە یەکگرتووەکان ڕێگایان بڕی و لەوێ کۆبونەوە.	هە پاسە جە شار قامشلۆی سەدان هاموڵاتیێ تا وەردەم نمایندەیی نەتەوە یۆگێرتەکان ڕاشان پیما و جە ئاگە کۆبیێوە.	Standard		Hawrami
هیوادارم لەشوێنێکدا توانیبێتی خۆی لە سەرگەردانی ڕزگاربکات.	همێڎەوارەنا یاگێە تاوابۆش وێش جە سەرگەرڎانی نەجات بڎۆ.	Standard		Hawrami
ئێمەی گەلی عەرەب ئازارێکی زۆرمان چەشتوە و هێشتاش ئازار دەچێژین.	ئێمەى گەلی عەرەب ئازاری زۆرمان چەشتووە و هێشتاش ئازار دەکێشین.	Standard		Hawrami
لە سەرێکانی و تربەسپی سەدان دۆنم لە خەلە و خەرمان ئاگردران و سوتێنران.	سەرێکانی و تربەسپی سەدان دۆنمێ جە خەلە و خەرمانی ئێر دریێ و سۆچنیێ.	Standard		Hawrami
سەیری دەستەکانم بکەن چۆن قڵیشاون و سوربوونەتەوە.	بڎیەیدێ دەسامەرە چەنی ترەکێنێ و سورێ بیێنێ.	Standard		Hawrami
گەر سەیری ئەدەبیاتی نەتەوەکان بکەیت دەبینی سروشت ئینسانێکی ڕێکخستووە کە لەگەڵ ڕاستی سروشتەکەوە دەگونجێ.	گەر تەماشەو ئەدەبیات نەتەوەکا کەرمێ وینی سرووشت ئینسانێش رێکوستەن کە چەنی راسی ئا سرووشتەیە مێوە .	Standard		Hawrami
ڕێپێوان و کۆبونەوەی جەماوەری ئەنجامدراون و هەزاران کورد و دۆستیان بەژداربوون.	ڕاپیمایی و کۆبییەی جەماوەری ئەنجامێ درێی و هەزاران کوردێ و دۆستێشان بەشدارێشان بیێ.	Standard		Hawrami
یانی ئۆجەلان و کورد پەیوەستی یەکترین و هاوکات ڕوبەڕووی هێرش و قڕکردن نابنەوە.	یانی ئۆجالان و کورد پەیوەستێ هەنتریەنی و هاموەخت ڕووبەروو هێرشی و قڕکەردەی مەبانێۋە.	Standard		Hawrami
یەک هەنگاو بۆ دواوە نەکشاونەتەوە و ئازایانه ڕوبەڕووی دۆخەکە بوونەتەوە.	هەنگامێ چێشەنە دمارە نەکێشیێۋە و ئازایانە ڕووبەڕوو دۆخەکێ بیێۋە.	Standard		Hawrami
تاکو ئێستا زیانەکان نەزانراون.	یەن تا ئیسە زیانەکێ نەزانیێنێ.	Standard		Hawrami
خاوەنداری لە ئەرک و تێکۆشان و یەکێتی دیموکراتی بووە.	خاونداری لە ئەرک و تیکۆشان و یەکێتی دیمۆکراتیک بکەن.	Standard		Hawrami
لەوێنین و نازانن ئەمڕۆ چ زوڵمێک دەکرێت لە وڵاتی پیرەکان.	ئەچاگەنە گمێندێ و نمەزاندێ ئارۆ چە زڵمێو مەکریۆنە ئەو وەڵاتو پیرەکان.	Standard		Hawrami
وەرگێڕدراوە بۆ چەندین زمانی دیکەی جیهانی و بووە بە سەرچاوەی گرنگی مێژوویی بۆ جێبەجێکارانی.	هۆرگێڵنیان پەی چەندین زۋانێ تەرێ جیهانی و بییەن بە سەرچەمێ گرنگی تاریخی پەی پەیجۆرکاران.	Standard		Hawrami
شتەکە دەقاودەق و بەرامبەر دەردەچێ.	چێوەکە تێقانتێق و وەراوەر بەرمشۆ.	Standard		Hawrami
بەرەو ئازادیخوازی سوریا.	بەرەو ئازادیوازی سوریای	Standard		Hawrami
دەبێتە هۆکار و هیوای بێبنەما یان تۆقاندنی خەڵکانێک کە پێویستیان بە چارەسەر هەیە.	بۆ بە هۆکاروو هێوایەو بێ بنەمای و یان تۆقنای خەڵکانێو کە پەیوازشا بە چارەسەری هەن.	Standard		Hawrami
مەهەپە بوەستێنێت و هاوکات پشیوانی لە ڕاوەستانە ڕەوا و قارەمانانەکەی دانیشتوانی ڕۆژئاوا و سەرۆکی سوریا بکات.	مەهەپەی بمدرۆنەۋە و هاموەخت پەشتیۋانی جە مدرامانە ڕەۋا و قارەمانانەکەو ڕۆژاڤا و سەرنیشت و وەرهۆرزو سوریای بکەرۆنە.	Standard		Hawrami
بۆ نمونە هەناسە و ئاو و نان زۆر لە تەلەفون و سەیارە پێویسترن.	پەی نموونەی هەناسە و ئاوی ونان فرە جە تەلەفون و ماشینی پەیوازتەرێنێ.	Standard		Hawrami
دواتر لە کوردستان و ئەوروپا و جیهان بە هەزاران کەسی ئازادیخواز پابەندی مانگرتن بوون.	دماتەر جە کوردستان و ئەورووپا و جیهان بە هەزاران کەسێ ئازادیۋازێ پەیۋەستێ مانگێرتەکەی بیێ.	Standard		Hawrami
موشەکەکە لە ژێردەریایی غەدیر ڕوو بە ئۆقیانوسی هندی تەقێندراوە و ئامانجی دیاریکراوی پێکاوە.	موشەکەکە جە چێردەریایی غەدیری ڕووبە ئۆقیانوسی هندی تەقنیان و ئامانجی دیاری کریاش پێکان.	Standard		Hawrami
دەیەوێت بە تورکیا دەستبخاتە ناو کاروباری شارەکە و سیمای کوردی بشێوێنێت.	هورقورتنای جە کاروبارو شارەکەی و گەرەکشەن بە تورکیشش بکەرۆنە و سیما کوردییەکەیش بشێونۆنە.	Standard		Hawrami
لە سیستەمی کۆمەڵگایەکدا کە خۆی بڕیارنەدات هیچ کاتێک ناتوانێت خۆی ئازاد بکات و دەرئەنجام ناتوانێت کۆمەڵگا بگەیەنێت بە ئازادی.	سیستەم و کۆمەڵگەیەنە وێش بڕیار نەڎۆنە هیچ کاتێۋ نمەتاۋنە وێش ئازادە بکەرۆنە و دەرەنجام کۆمەڵگەیبە ئازادی بیاۋنۆنە.	Standard		Hawrami
ئەم مافە هەروا لە ڕێکەوتننامە تەواوکراوەکانی جاڕنامەی جیهانی مافەکانی مرۆڤ گونجاوە.	ئی مافە هەرپاسە جە ڕێککەوتنامە تەمامکەرەکاو جاڕنامەی گەردوونی مافەکاو مرۆڤی گونجیان.	Standard		Hawrami
بوختان و فەساد بڵاوناکرێتەوە و داوای کۆمەڵکوژی کوردی ناکرێت.	بوختان و فەساد ۋەڵامەکریۆۋە و داۋا کۆمەڵکوشکەردەی کوردی مەکریۆنە.	Standard		Hawrami
بە هەڵواسراوی گیانی لەدەستداوە.	هۆرئاۋێزنای گیانش جەدەست دان.	Standard		Hawrami
مێژوونوس و نوسەرێکی دیار و بەناوبانگی هەورامان و کوردستانبوو و خاوەنی دەیان کتێب و بەرهەمی ئەدەبییە لە بوارە جیاجیاکاندا کە کتێبخانە و کودەوارییان دەوڵەمەندکردبوو.	مێژوونۋیس و نویسەریۋی دیار و نامی هەورامانی و کوردستانی بێ و جە بۋارە جیا جیاکانە خاوەن دەیان پەڕتوکێ و بەرهەمێ ئەدەبیێن و پەرتوکخانەو کوردەۋاریشان پنە زەنگین کریان.	Standard		Hawrami
ئێوە کچەزای شارێڵ بوودلێرن.	شمە کناچە زاو شارێل بوودلێریندێ.	Standard		Hawrami
لە بارەی زمان ناسییەوە، ئەم بابەتە مەجالی ئەوەی هەیە کە لەسەری بڕۆین و ڕونی بکەینەوە.	یاگێش هەنە جە باروو زوان ژناسی ئی بابەتە سەرشەرە بلمێ و ڕۆشنش کەرمەی.	Standard		Hawrami
دەروبەرتان پڕە لە کەسانی وەکو من.	دەور و بەرتا پەڕا جە کەسانێ پێسە من.	Standard		Hawrami
بەخێراییە بڵاوبوونەوەی.	بەخێرایی وەڵاوبییەیشەن.	Standard		Hawrami
ئاوی گەرم نازو نعمەتە.	ئاوی گەرمە ناز و نێعمەتا.	Standard		Hawrami
دەرمانی دژە حەساسیەت گرانترن.	داروێ زدێ حەساسیەتێ گرانتەرێنێ.	Standard		Hawrami
یانی ئەگەر بەئامانجی خۆیان گەشتبان هەرگیز باسی ئاگربەستیان نەدەکرد.	یانی ئەگەر ئامانجشان پێکابیێ هەرگیز باس جە ئێربڕی نەکەرێنێ.	Standard		Hawrami
بە قەبارەی گەورە نوسراون.	بە قەبارەی گەورە نۋیستێنێ.	Standard		Hawrami
بە شێوەیەک لە خەبات و تێکۆشانی ئازادیدا ژنی کوردی گەیاند بە ئاستێک کە لە هەموو جیهاندا بە شانازییەوە باسیان بکرێت و ببن بە سیمبول بۆ ژنانی جیهان.	بە جۆرێ کە خەبات و کۆشاییشی ئازادیشەنە ژەنێ کوردیش یاونێ بە ئاستێ کە جە گردو جیهانیەنە بە شانازیەوە باسشان بکریۆنە و ببانە بە ئلگو و سمبول پەی ژەنانو جیهانی.	Standard		Hawrami
هاوڵاتیان و بەندکراوە سیاسیەکان ئازاد بکات.	هامشارەدارێ و بندکریێ سیاسییەکان ئازادێ بکەرۆنە.	Standard		Hawrami
ئەندامی هەدەپە ئەڤین تانریکولو و سەرجەمیان دەستگیر کراون.	ئەڤین تانریکولو ئەندامەو هەدەپەی و سەرجمشان دەستگیرێ کریێنێ.	Standard		Hawrami
دووبارە پێتان دەڵێنەوە سەبرتان هەبێت.	دیسان ماچاتا پەنە خوایندێ.	Standard		Hawrami
کوڕەکانی من ڕوو بە کەسانێک دەدەن کە بە دزی شت پەیدادەکەن.	کوڕێ من ڕو بە کەسانێ تەری ملا کە بە دزی چێو پێڎا کەرا.	Standard		Hawrami
زۆرجار دەبیستین کە ئاگر گەورەترین دەرخەری ئینسان بووە.	فرەو جارا مژنەومێ کە ئایر گەورەتەرین کەشف و ئینسانی بیەن .	Standard		Hawrami
چی لەوە خۆشتر و باشتر کاکە گیان.	چێش چانەیە وەشتەر و خاستەر کاکە گیان.	Standard		Hawrami
ناڕاست و ناتەواو بە خەڵکی دەدەن.	ناڕاس و ناتەمام بە خەڵکی مڎا.	Standard		Hawrami
فەلسەفەی ئۆجەلان بووە بە ڕێگەچارە بۆ هاوپەیمانەکانی کورد و گەلە ژێر دەستەکان و سەرجەم ئینسانە ئازادیخوازەکانی دنیا.	فەلسەفەو ئۆجەڵانی بییەن بە ڕاچارە پەی ئارێشەکانو کوردی و گەلە چێردەسەکانێ و سەرەم ئینسانە ئازادیۋازەکانی جە دنیانە.	Standard		Hawrami
ئیتر سەلماوە نەک تەنیا شاخەکان بەڵکو لەدنیادا زۆر کەس و لایەن دۆستی کوردن.	ئیتر سەلەمیا نەک تەنها کەشەکێ بەڵکو دنیانە فرە کەسێ و لایێ دۆستێ کوردیەنێ.	Standard		Hawrami
کۆمەڵایەتی و ئابووری و ڕێکخستنی ئەو بەشانەی وڵات و نزیکبوونەوەی لایەن و پێکهاتەکان لە یەکتری و دۆرینەوەی ڕێگەچارە بۆ کێشەکانی نوێنەری کوردستان و دەرئەنجام گەیشتن بە یەکێتی و یەکڕیزی نەتەوەیی.	کۆمەڵایەتیی و ئابوری و ڕێکۋزیایی ئا بەشەو وڵاتی و نزیککەردەی لایەنەکێ و پێکئاماکان جە هەنتری و ئەۋەئێستەی ڕاچارەیەن پەی کێشەکانو وەرهۆرزو کوردستانی و دەرەنجام یاۋای بە یەکێتی و یەکڕیزی نەتەوەیی.	Standard		Hawrami
کۆبانێ و جەزیرەیان ڕاگەیاند.	کۆبانێ و جەزیرەیان ڕاگەیاند.	Standard		Hawrami
شەڕکەرەکان بەردەوامن لە ئەنجامدانی چالاکی دژ بە هێزە داگیرکەرەکانی تورکیا و تاقمە بەکێگیراوەکانی.	شەڕڤانەکێشان بەردەۋامێنێ جە ئەنجامدای چالاکی دژ بە هێزە داگیرکەرەکێ تورکیای و تاقمە چەتە بەکرێگیرێکێش.	Standard		Hawrami
یان هیچ نەبێت ئەگەر تاوانێکی ئەنجامداوە دۆسیەکەی بنێردرێت بۆ دادگا و لەوێ یەکلایی بکرێتەوە.	یان هیچ نەبۆنە ئەگەر تاوانێوەش ئەنجامدان دۆسیەکەیش ڕەوانەو دادگای بکریۆنە و جە ئاگە یەکلایی بکریۆوە.	Standard		Hawrami
لە بەرامبەردا هەمیشە بەڕێوبەری ڕۆژئاوا هەم بانگەشەکانی تورکیا و هەم بە ئارەزووی تورکیا دروستکردنی ناوچەی ئارامی ڕەتکردووەتەوە.	جە ۋەراۋەرەنە هەمیشە ڕاۋەبەری ڕۆژاڤای هەم بانگەشەکێ تورکیای و هەم بە ئارەزوو تورکیای دروستکەردەی ناوچە ئارامش ڕەت کەردەنەۋە.	Standard		Hawrami
لەگەڵ دەوڵەتی مەرکەزی داهاتوو و بەرەو وڵات.	چەنی دۆلەتی مەرکەزی ئایەندەی و بەروو وڵاتی .	Standard		Hawrami
هەر بەم شێوەیە پەژاک وەڵامێکبوو بۆ خەیاڵپڵاوەکانی داگیرکارانی کۆماری ئیسلامی کە باوەڕی نەدەکرد جارێکی دیکە ڕوبەڕووی مەسەلەی کورد ببێتەوە.	هەرپاسە پەژاک جوابییە بێ پەی خەیاڵپڵاواو داگیرکاری کۆماروئیسلامی کە باوەڕ نەکەرێ جارێتەر رووبەڕوو مەسەلێ کوردی بۆوە.	Standard		Hawrami
گوازرایەوە بۆ ناوچەی ئارامی.	فاڕیاۋە پەی ناوچەی ئارامی.	Standard		Hawrami
حەمزە کاکە وەیسی وەرگێڕاوە بۆ هەورامی.	یەن و حەمزە کاکە وەیسی هۆرگێڵنان پەی هەورامی.	Standard		Hawrami
مازڵۆ لەم بارەیەوە دەنوسێت کە هێنانی ئەم پێویستیانە دەبێتە هۆکاری بەرزبونەوەی هەستی خۆخۆشویستن و باوەڕبەخۆبوون.	مازڵۆ چی بارەوە منویسۆ کە بەئاوردە بیەی ئی ئەوەجا بۆ بە هۆکاروو بەرزەوبیەی هەستوو وێوەشسیای و باوەر بە وێبیەی.	Standard		Hawrami
تەنانەت دینداری و باوەڕداریش بە ئاین بووە بە جێگای سەرنج بۆ خەڵک و مەلای گوندەکەی.	تەنانەت دینداری و باوەڕمەندیش بە ئایینی بییەن یاگێ سەرنجی پەی خەڵکی و مەڵاو دەگاکێش.	Standard		Hawrami
لە عێراق بکرایە.	ی جە ئێراق بکریانێ.	Standard		Hawrami
ڕۆیشتویتە ژوورەوە.	لوانی چوەر.	Standard		Hawrami
سەماکردن و خۆشی ئاینی لە ناو ئاینی زەردەشتی و ئاریایی و هندییەکانەوە سەری هەڵداوە دواتر لە ڕێی تەسەوفەوە هاتووەتە ناو ئیسلامەوە.	کەردە و سەما و شاڎی ئاینی ڕیشەش دلێ دینو زەردەشتی و ئاریاکان و هیندیەکانە هەن و دماتەر جە ڕاو تەسەوفیەوە دەربازو ئیسلامی بییەن.	Standard		Hawrami
ڕەنگە نامێبۆ	بەڵام ئادە بە مدرامانە بێهامتاکەتیش ئادە بییە بە ئەفسانە.	Standard		Hawrami
ئەمەش بە ئەردۆغان قبوڵنەکرا و ئەنجامەکەی هەڵوەشاندەوە و هەڵبژاردنی خستەڕوو.	ئانێچە بە ئەردۆغانی قبوڵ نەکریا و ئەنجامەکەش هۆرشاناۋە و هۆرۋچنای نۋش ۋست ڕووە.	Standard		Hawrami
دوای چالاکییەکە لە گوندەکەو دەوروبەریدا ڕێبەری سوپاکەی تورکیا و تاقمە چەتەکانی ۆپراسیۆنێکی سەربازییان ئەنجام داوە.	دمای چالاکییەکەی جە دەگاکێ و دەوروبەرشەنە سپا ئەرەگێرەکەو تورکیای و تاقمە چەتەکێش ئۆپەراسیۆنی سەربازیشان ئەنجام دان.	Standard		Hawrami
لەم شێواویەدا ئێمەش شێوانمان شێواوتر بوە.	ئەچا شێوانشێوەنە ئێمەیچ شێویاییمان شێویاتەر بیەبێنە.	Standard		Hawrami
گەریلاکانمان دژ بە سەربازگەی ودات ئۆزکایا چالاکیان ئەژجام داوە.	گەریلاکێمان دژ بە سەربازگەو ودات ئۆزکایای چالاکیشان ئەنجام دان.	Standard		Hawrami
وەکو فەرهەنگ هەزاران ساڵە کە بەرهەمی ئەزمونی ژیانی کەسایەتیەکانی دروستکردووە کە خاوەنی بیر و ئەقڵی تایبەت بە خۆیانن. 	چوون فەرهەنگی هەزاران ساڵە کە بەرهەموو تەجرۆبەکا ژیوایا کەسایەتییەش وەش کەردەن کە ساحێب و ویر و ئاوەزی تایبەت بە وێش هەن .	Standard		Hawrami
ئاگادارم کە ناهەقی زۆر بەرامبەر دۆزی کورد دەکرێت و دەبێت دوایی بەوە سەرجەم پێشێلکارییەکانی مافەکانی کورد لە تورکیا و ناوچەکەدا بدرێت و گوێ بە داواکاری مانگرەکان بدرێت و قبوڵبکرێن.	ئاگادارەنان کە ناهەقی فرە بە کوردی دۆزەکەێش مەکریۆنە و مشیۆم دمایی پانەیە و سەرجەم پاشێلکاری مافەکێ کوردی جە تورکیا وناوچەکەنە بەیۆنە و گۆش بە داۋاکاری مانگێرەکان بدریۆنە و قبوڵێ بکریانە.	Standard		Hawrami
زیلان و ئەدا و خوشکەکەی و کچ و ژنی دەوروبەری بەبەردەوامی ڕوبەڕوی فشارو ئەشکەنجە و لێدان بونەتەوە و لە بارودۆخێکی سەختدا ژیانیان بردۆتە سەر.	زیلانە و ئەڎا و واڵەکێش و کناچێ و ژەنی دوروبەریش بەبەردەوامی ڕووبەڕووێ فشاری و ئەشکەنەجەی و ونەدای بیێنێوە و بارودۆخێوی سەختەنە ژیوایشان بەردەن سەر.	Standard		Hawrami
بیرمان لەوەنەکردەوە بڵێین بیدەرە لای ئێمە.	نەئاوەزیێمان بواچمێنە بدەونەش لامان.	Standard		Hawrami
یان بەفر یان ئاوەدانی.	یا وەروە یا ئاوەدانی .	Standard		Hawrami
مەحتاجی یانی ببینیت کە منداڵەکانت دایمە میشەیان بێت.	مەحتاجی یانێ وینی زاڕوڵەکێڎ دایمە مشەشا مێ.	Standard		Hawrami
کۆبونەوەکە لە کاتێکدا ئەنجامدرا کە لە شەوی ڕابردووەوە تا ئەمڕۆ هێزە ئەمنیەکان بە هەڕەشە و ئاستەنگی و دەستگیرکردن هەوڵیاندابوو کۆبونەوەکەی ئەمڕۆ ئەنجام نەدرێت.	کۆبییەکەی جە سەروەختێوەنە ئەنجام دریا کە جە شەوێ ویەدێوە تا بە ئارۆ هێزە ئەمنیەکێ بە هەڕەشێ و ئاستەنگیێ و دەستگیرکەردەی هەوڵشان دابێ کۆبییەکەو ئارۆی ئەنجام نەدریۆن.	Standard		Hawrami
هاوکات زرێپۆشێکی کوبرا کە بە هانای هێزەکانی دوژمنەوە هاتبوو لێیدراوەو بە تەواوی لەناو بردراوە.	هاموەخت زرێپۆشێۋی کوبرا کە بە هانا هێزەکێ دوژمنی ئامابێ دریانش ۋنە بە تەمامی دلێنەبریان.	Standard		Hawrami
لە شەڕەکاندا دوژمن زەڕبەی زۆر قورسی لێدراوە و دەیان کوژراو و برینداری هەبووە، لە ئەنجامدا سەرێکانی و تەل حەلەف بە تەواوی ڕزگارکراون دوژمن و تاقمە چەتە بەکرێگیراوەکانی ناچاری کشانەوە کراون.	جە جەنگەکانە دوژمن گورزی فرە قورسش ۋنە دریان و دەیان کوشیێ و بریندارێش دێنێ و جە ئاکامەنە سەرێکانی و تەل خەلەف بە تەمامی ڕزگارێ کریێنێ و دوژمن و تاقمە چەتە بەکرێگیریێکێش ناچارێ دمارەگێڵای کریێنێ.	Standard		Hawrami
ئەوانیش نابەرپرسانە زەمینەیان بۆ ئەنجامدانی ئەو تاوانە ئامادە کرد.	ئاڎێشایچ ناوەرپەرسانە زەمینەشا پەی ئەنجامدای ئا تاوانێ ئامادە کەرد.	Standard		Hawrami
دوربکەونەوە ئەگەر نا هەڵتان دەلوشت و دەبنە پەندی هەمووان.	دوورێ بگندێوە ئەننا هۆرتان مەلووشۆنە و مەبیدێنە پەننەو عاڵەمی.	Standard		Hawrami
زۆر زیاتر بووە.	ی فرە زیاتەر بییەن.	Standard		Hawrami
لە گوندی جلبر سەر بە ناوچەی شێراوا شەڕکەرەکانیان دژ بە هێزەکانی تورکیا چالاکیان ئەنجام داوە. 	جە دەگاو جلبری سەر بە ناوچەو شێراوای شەڕڤانەکێشان دژ بە هێزەکێ تورکیای چالاکیشان ئەنجام دان.	Standard		Hawrami
هێزەکانمان لە دوو قۆڵەوە هێرشیان کردوەتە سەر هێزەکانی دوژمن و زەربەی قورسیان لێداوە. 	هێزەکێمان جە دووێ قۆڵێۋە هێرششان بەردەن سەرو هێزەکێ دوژمنی و گورزی قورسشان ۋنە دان.	Standard		Hawrami
سوپا بەزراوەکەی تورکیا بە هاوان و تۆپی قورس و هێزی زۆر هێرشی کردووە و بە چەندین ئەمبوڵانس کوژراو و بریندارەکانی ئەگواستەوە.	سپا بەزیاکەو تورکیای بە هاوەنێ و تۆپێ قورسێ و هێزی فرە هێرشش کەردەن و بە چەندین ئامبوڵانسێ کوشتۍ و بریندارەکێش فاڕێنێۋە.	Standard		Hawrami
بەڵکو فشارەکانیان بۆ سەر جەلالیەکان زیاتر کردووە.	بەڵکو فشارەکێشان پەی سەرو جەلالیانێ زیاتەرێ کەردێنێ.	Standard		Hawrami
نەک تێکدانی سروشت.	نەک تێکدانی سروشت.	Standard		Hawrami
بە هەمووی زمان لە دوو مەیداندا بەکاردێت. 	بە گردی زوان جە دوێ مەیدانانە بە کار مێ .	Standard		Hawrami
بیرمدێت کە لە قوتابخانە لەبارەی سەلامەتیەوە چیم خوێندووە.	ویرم مێ مەکتەبەنە جە بارەو سڵامەتیۆ چێشم وانا.	Standard		Hawrami
کۆچکردنەکەیان کردوە بە ناوی کەسایەتیێکی هەڵکەوتەی دیاری بەناوبانگ. 	کۆچکەردەشان بە کەسایەتیێوی نامی و هۆرکەوتە و دیار و ئاوازەدار بەنامێ کەردەن.	Standard		Hawrami
سەرجەمیان لەسێدارە دران کە سەید ڕەزا و دوو کوڕی لە ناویاندا بوون.	سەرجەمشان کە سەید ڕەزا و دووێ کوڕێش میانشانە بێنێ جەدار دریێ.	Standard		Hawrami
ئەوە بوو بە هاندەرمان تاکو بەژداری گەریلا و بزوتنەوە ببین.	ئانە بی بە هاندەرمان تا بەشدارێ گەریلای و جمیەری ببێمێ.	Standard		Hawrami
دەڕۆم.	ملای ملو.	Standard		Hawrami
بەڵام ناتوانن قسەی پێ بکەن و لەگەڵ منداڵەکانیشیان قسەی پێ ناکەن.	بەڵام نمەتاوا قسیش پەنە کەرا و چەنی زاڕۆڵەکایچشا پەنەش نمەدوا.	Standard		Hawrami
ڕادیۆی دەنگی وڵات و کۆنگرەی نەتەوەیی کوردستان لەگەڵ چەندین سیاسەتمەدار و ڕۆژنامەوان دەسگیرکران و دەستیانگرت بەسەر ئامێرەکانی ڕۆژ تیڤی و ڕادیۆی دەنگی وڵاتدا.	ڕادوینۆ دەنگو وڵاتی و کۆنگرەو نەتەوەیی کوردستانی چەنڎین سیاسەتمەدارێ و ڕۆچنامەوانێشان دەستگیرێکەردێ و دەستشان گێرت سەرو ئامێرەکانو ڕۆژ تیڤی و ڕادوینۆ دەنگو وڵاتیەرە.	Standard		Hawrami
گەمارۆی دەوروبەری شوێنی کۆبونەوەکەیان داوەو هەوڵیان داوە بەزۆر کۆتایی پێ بهێنن. 	ی دەورپێچ و گەمارۆو یاگێ کۆبییەکەیشان دان و هەوڵشان دان بەزۆر دماییش پنە باوەرانێ.	Standard		Hawrami
دروستی کردووە.	ی دروست کەردەن.	Standard		Hawrami
بەڵام قبوڵی ناکەن.	بەڵام قەبوڵش نمەکەرانێ.	Standard		Hawrami
ئەگەر بموێرایە دەسم بە پێکەنین ئەکرد.	ئەگەر یارابیێم دەس کەرێنا خوای.	Standard		Hawrami
بەڵام دواتر لەژێر فشاری کوردستان و ئێران و جیهان و چالاکی و کەمینەکان سزاکەی گۆڕا بۆ هەتاهەتایی.	بەڵام دماتەر چێرو فشاری کوردستانی و ئێرانی و جیهانی و چالاکیێ و کەمپینەکانە سزاکێش پەی هەتاهەتایی فاڕیا.	Standard		Hawrami
ئەمانە قاپی زۆر پیس ناکەن.	ئینێ حاجەتێ فرێ پیسێ مەکەرا.	Standard		Hawrami
کچە هەورامی و وەرزشوان لە یانەی پێشمەرگە لە ئاستی عێراقدا سەرکەوتنی گەورەی تۆمارکردوە.	کناچە هەورامییە و ۋەرزشەۋانە جە یانەو پێشمەرگەی جە ئاستو ئێراقییەنە سەرکەوتەی گەورەش تۆمارکەرد.	Standard		Hawrami
پەیوەندیەکە تەنیا فیزیکییە و لەگەڵ ڕۆحی بەرامبەر بێگانەی.	پەیوەندیەکە تەنیا فیزیکیا و چەنی رۆحوو وەراوەرەکەیت بێگانەنی .	Standard		Hawrami
لەلای هەر کۆمەڵەیەک ئارەزوی مەسەلە و مەسەلەسازی هەیە.	لاو هەر جەماعەتێوە نیازش بە مسەلێ و مەسەلەسازین.	Standard		Hawrami
بەشوێنیدا زۆر باسی سیمانتیک و پراگماتیک کراوە.	شونیەرە بە کوڵی و پوختی باسو سیمانتیک و پراگماتیکی کریان.	Standard		Hawrami
پێی دەوڵەمەند کرا.	یش پنە دۆڵەمەند کریا.	Standard		Hawrami
کەس نەبوو داستانی ژیانی نەخوێندبێتەوە و نەبیستبێ.	کەس نەبێنە داستانەوە ئەوەژیوایش نەوانابۆوە و نەژنەوتەبۆنە.	Standard		Hawrami
ئەم سیاسەتە پەیڕەو دەکات.	ئەم سیاسەتە پەیرەو دەکات.	Standard		Hawrami
بەم شێوەیە گەورەترین ناوچەی پارێزگاریکردنەکەیان لەناویدا بە هەموو شێوازێ ڕاوکردن و داربڕین قەدەغەیە.	ن و بەی تەورە گەورەتەرین ناوچەی پارێزگاری کریان و دلێشەنە بە گرد شێوازێ ڕاوە و نێچیروانی و داربڕیەی قەدەغەن.	Standard		Hawrami
ئێواران تا بەیانی زوو، چرا دوورەکانی خوارەوە وەکو          تروسکە تروسک و ورشە ورشیانە.	وێرەگانە تا سەڵاتو سوحو ساڵێحانی چراوەکاو ئا وارە دوورە خەمبارەیچه چراومووشینە ئاسا و بێوچان تروسکە تروسکشان ئێنە و وریشە وریش.	Standard		Hawrami
ئەم ڕێکخراوە ئاوا گرنگیەکی تایبەت دەدات بە ئیشە زانستیەکان و 	ئی ڕێکوزیا هەرپاسە گرینگیەو تایبەت مڎۆ بە هەرمانەی زانستیانێ و هەر پاسە سەربەوێ بیەی دەسگاە ڕایاونەرەکا و دوورەو وستەیشا جە دەسەڵاتی سیاسی.	Standard		Hawrami
ئەمڕۆ سنە و مەریوان و سەوڵاوا و سلێمانی و هەڵەبجەش بۆ ئێمە هەروەکو ئەوروپان و ئەی هەورامیە هەڵهاتوەکانی ئەوروپا خۆتان بە تەنیا نەزانن.	ئارۆ سنە و مەریوان و سەوڵاوا و سلێمانی و هەڵبجەیچ پەی ئێمە هەر نمادو ئۆرووپاینێ و ئەی هەورامیە فەراریەکانو ئۆرووپای وێتان تەنیا نەزاندێ.	Standard		Hawrami
چەندین تانک بە تەواوی لەناوبردراون، هەروەها چەندین ئۆتۆمبێل و زرێپۆش و تانک دەستیان بەسەردا گیراوە و چەندین چەتە بەدیل گیراوە.	چەدین تانکێش بەمتەمامی دلێنە بریێنێ و چەندین ماشینێ وزێپۆشێ و تانکێ دەستشان گیریان سەرەرە و چەنڎین چەتێ بەدیلێ گیرێنێ.	Standard		Hawrami
لە سیستەمی وڵاتە دیموکراسیەکاندا بە هیچ جۆرێ جیاکاری ناکرێت لە نێوان خەڵکەکەدا و یاساکان بۆ هەموو کەسێکە و وەکو یەک لەسەر هەموو کەسێک جێبەجێ دەکرێن. 	جە سیستم و ووڵاتە دیموکراتیەکانە بەهیچ نۆعێ جیاکاری مەکریۆن بەینو خەڵکەکەیەنە و یاسێکێ پەی گرد کەسێوی پسەو یۆیەنێ سەرو گرد کەسێویەرە جێ بەجێ کریان .	Standard		Hawrami
هەزارکەس بەیەکجار ڕژانە سەر شەقام و مەیدانەکان، پشتیوانییان بۆ ڕۆژئاوا دووپات کردەوە هاوکات هێرشکەرەکانی تورکیا و تاقمە چەتەکانی بە خراپی شەرمەزاربوون.	یەنە سەدان هەزار کەسێ مجیێرە شەقامێ و مەیڎانەکان و پەشتیۋانیشان پەی ڕۆژاڤای دووپات کەردەۋە و هاموەخت هێرشە ئەرەگێرەکێ تورکیای و تاقمە چەتەکانش بە تونڎی شەرمەزارێ کەردێ.	Standard		Hawrami
بە پێی ئیسلام هەر مانگرتنێک و چالاکیێک لە چوارچێوای ڕۆژودا ئەنجام بدرێت بە ڕۆژوی خێر هەژمار دەکرێت و خێرێکی گەورەیان هەیە.	بە پاو ئیسلامی هەر مانگێرتەی و چالاکیێ جە چوارچێۋەو ڕۆچێنە ئەنجام بدریۆنە و بە ڕۆچێ خێرێ مەیۆنە ئەژمار و خێرێ گەورێشان هەنە.	Standard		Hawrami
کوژراو و بریندارەکانی بە هەلیکۆپتەر لە ناوچەکە دورخستۆتەوە.	کوشتێ و بریندارەکێش بە هەلیکۆپتەرێ جە ناوچەکەنە دوورێ ۋستێنێۋە.	Standard		Hawrami
بە بێگومان و بێ هیچ پێچ و پەنایێک خیانەتکار و ڕەگەز پەرست خاوەنی هیچ کەرامەت و ئەخلاقێکی ئینسانی نییە.	بێ شک و بێ هیچ پێچ و پەنا و ڕودەربایسیە خیانەتکار و ڕەگەز پەرسا و ساحیبوو هیچ کەرامەت و ئەخلاقێ ئینسانی نیا.	Standard		Hawrami
هاوکات لە زەوی و ئاسمانەوە بۆردومان و تۆپبارانێکی سەخت هەیە.	هاموەخت جە زەمین و ئاسمانەۋە بۆردومان و تۆپۋارانی دژوار هەن.	Standard		Hawrami
کۆمەڵکوژی هەڵەبجە گەورەترین کۆمەڵکوژییە بە چەکی کیمیایی لە دوای جەنگی دووەمی جیهانی دووەمەوە، ڕژێمی سەدام و وڵاتە یارمەتیدەرەکانی و ئێران و کڵاوسورەکانن تاوانبار.	کۆمەڵکوشی هەڵەبجەی گەورەتەرین کۆمەڵکوشییەن بە چەکی شیمیایی دمای جەنگی جیهانی دووەمی و ڕژیمو سەددامی و وەڵاتە یاردیدەرەکێش و ئێران و کڵاوسوورەکێنێ تاوانبارێنێ.	Standard		Hawrami
هێشتا بریندارەکانی کیمیاباران چارەسەر نەکراون برینەکانیان بەئازارن هەرماوەی جارێک یەکێکیان بە شێوەیەکی تراژیدی دەمرێت	هێشتای بریندارەکێ کیمیاوارانی چارەسەر نەکریێنێ و زامەکێشان بەسۆنێ و هەر ماوێو جارێو یۆشان یان یوەشان تراژیدیانە گیانش مەسپارۆنە.	Standard		Hawrami
شەوچەرە لە هەوراماندا تایبەت بوە بەو بەرهەمانەی کە لە باخەکاندا هەبوە.	شەوچەرە جە هەورامانەنە تایبەت بێ بە ئا سەمەرا کە باخەکانە بێ.	Standard		Hawrami
پێویستییان بۆ تەفسیر و تەئویل بووە.	ئەوەجەشان پەی تەفسیر و تەئویلی بیەن .	Standard		Hawrami
ئاشکرای دەکەین کە هەرکەس دەستی لە کاولکاری ژینگەی کوردستاندا هەبێت لە چوارچێوەی وڵات و شارەکاندا شوێنی دەکەون.	بە ئاشکرایچ یاونمی کە هەر کەس دەسش جە کاوڵاری ژیوگەو کوردستانی بۆ جە چوارچێوەو وەڵاتورەشا یاگێ گێرا .	Standard		Hawrami
ڕێنمایکردنی هاوڵاتیان تاکو لە ماڵەکانیاندا بمێننەوە.	ڕانمایی کەردەی هاموڵاتیان تا جەیەنەکانشانە بمەناوە.	Standard		Hawrami
یان بۆ دەرمانی کرم.	یا پەی دەواو کرما.	Standard		Hawrami
و لە جارنامەی جیهانی مافەکانی مرۆڤدا.	و جاڕنامەو گەردونی مافەکانو مرۆڤەیەن.	Standard		Hawrami
چاپکرا و لە شاری پاوە لە مەراسیمێکی گەورەی جەماوەریدا پەردەی لەسەر لادرا و بڵاوکرایەوە.	ی چاپ کریا و جە پاوە شار بە مەڕاسیمێوی گەورەی جەماوەری پەردەش سەر لادریا و وەڵاو کریاوە.	Standard		Hawrami
من باسی هەوا و ئارەزووم کرد کە دوو سەد ساڵ پێش ئێستا لە مەزهەبی یاردا هەبوون.	من باسوو هەواس ئاوایم کەرد کە جە دوەسەد ساڵێ وەڵێ ئامای سڵتانی بە مەزەبوو یاری بیێنێ.	Standard		Hawrami
پێویستە هەم خەڵک و هەم چالاکوانەکانی کۆمەڵگا بزانن کە یەکنەگرتن و دوبەرەکی لەهەر حاڵەتێکدابێت دەکەوێتە بازنەی خزمەتکردنی داگیرکەران و دەسەڵاتداران.	لازما هەم خەلک و هەم چالاکێ کۆمەڵگای بزانا کە یۆنەگێرتەی و دوەبەرەکی جە هەر حاڵەتێوەنه گنۆنه بازنەو خزمەت بە داگیرکەرا و دەسەڵاتدارا.	Standard		Hawrami
تا لەمە زیاتر دۆسیەی کۆمەڵکوژی پاریس پەردەپۆش نەکرێت، ئەنجامدەرەکانی ئاشکراو دادگایی بکرێن و دۆسیەکە نەکاتە قوربانی بەرژەوەندییەکانی لەگەڵ تورکیا.	تا جە ئینەیە زیاتەر دۆسیەو کۆمەڵکوشی پاریسی پەردەپۆش نەکەرۆنە و بکوشێ و ئەنجامدرەکێ کە دیارێنێ ئاشکرێ و دادگایی بکەرۆنە و دۆسیەکەی نەکەرۆنە قۆربانی بەرژەوەندیەکانش چەنی تورکیای.	Standard		Hawrami
لە تورکیا و جیهاندا دژی گۆشەگیر ئیمراڵی ئەنجام دەدرێت.	تورکیا و جیهانەنە دژ بە گۆشەگیر ئیمرالی ئەنجام مدریۆنە.	Standard		Hawrami
هەر هەنگاوێک کە بە ئامانجی ئابوری هەڵبگیرێت و زیان بە ژینگە بگەیەنێت، دەوەستێندرێت. 	هەر هەنگامێ کە بە ئامانجوو ئابووری هۆرگریۆ و زەرەر جە ژیوگەی دۆ ، مدریۆ .	Standard		Hawrami
ئێستەش لە هەندێک گوندا ماوە.	ئیسەیچ بڕێ دەگایێنە مەنەن.	Standard		Hawrami
بەڵام تاسەر ئەم بارودۆخە بەم شێوەیە نامێنێتەوە.	بەڵام تا سەر بارودۆخەکە بەی تەورە نمەشیۆنە.	Standard		Hawrami
ی بە تەقەی هێزە نیزامیەکانی ئێران کوژراوە.	ی بە تەقەو هێزە نیزامیەکانو ئێرانی کوشیان.	Standard		Hawrami
سەرەتا هەوڵدەدەن فریویان بدەن و بە فێڵ بیاننێرنە ناو چەتەکانی داعشەوە.	سەرەتا هەوڵو هۆرخەڵەتنیاشان مڎانێ و بە فێڵێ گەرەکشانە ڕەوانێ دلێ چەتەکانو داعشیشان بکەرانێ.	Standard		Hawrami
توندی هەناسەی.	توندی هەناسەی.	Standard		Hawrami
نە زیاد و نە کەم.	نە زیاد و نە کەم.	Standard		Hawrami
وادیارە ئەمە زیانێکی دەرون ناسی و کۆمەڵناسی دەوێت ئەم وتارە شوێنی ئەم باسە نییە.	دیارەن ئینە خەسارێوە دەروون ژناسی و کۆمەڵژناسیش گەرەکەن و ئی وتارە یاگێ ئا باسیە نیەنە.	Standard		Hawrami
ناڕەزایی سەرجەم چینەکان و کۆی کوردەواری و هەموو لەیەک داواخوازن کە پەدەکە واز لە هەڵگیرساندنی ئاگری شەڕ بهێنێت و لەوە زیاتر نەکەوێتە خزمەتی تورکیای شەڕانگێزەوە.	ی ناڕەزایەتی سەرجەم چینەکێ گلێرگەو کوردەواریش ونەکەفتەنەوە و گرد لایێ وازیاریێنێ پەدەکە واز جە هۆرگیرسنای ئێرو جەنگی باوەرۆنە و جە ئانەیە زیاتەر نەگنۆنە خزمەتو پیلانەکانو تورکیای ئەرەگێری.	Standard		Hawrami
هەبوونییەکان و ژیانکردن و وتەکانی جاران.	بییەو ژیواین و واچمانو جارانی.	Standard		Hawrami
دوژمن بە هەلیکۆپتەرێکی سکۆرسکی سەربازی لە ناوچەکەدا دابەزاندووە و ئۆپراسیۆنی ئەنجامداوە و جەستەی بەکرێگیراوەکەی بە هەلیکۆپتەر هەڵگرتوەتەوە و لە ناچەکەدا دوریخستوەتەوە.	دوژمن بە کۆپتەرێ سکۆرسکیێ سەربازێش جە ناوچەکەنە ۋەزنێنێرە و ئۆپەراسیۆنش ئەنجام دان و لاشەو بەکرێگیریاکەش بە هەلیکۆپتەر هۆرگێرتەنەۋە و جە ناوچەکە دوورش ۋستەنەۋە.	Standard		Hawrami
مەرکەزیەت و لامەرکەزیەت بابەتێکی زۆر گرنگە زۆربەی کات قسەی لەسەر کراوە و نوسراوە بەڵام کەم کەس بەشێوەیەکی ئەکادیمی قسەی لەسەر کردووە.	مەرکەزیەت و لامەرکەزیەت بابەتێوی فرە مۆهیما فرەو جارا سەرش قسێ کریەنێ و نویسیەنێ و بەڵام کەم کەس بەشێوێوی ئەکادیمی قسێش سەرکەردەن .	Standard		Hawrami
کە گەشە بە تایبەتمەندیە ئەخلاقیەکانیشی بدات.	کە گەشە بە تایبەتمەندیە ئێخلاقیەکایچش بڎۆ.	Standard		Hawrami
یەن ئەمڕۆ جیهانی تەنیوەتەوە و بووە بە هێز و ستاتۆیێکی نکۆڵی لێ نەکراو و خاوەنی دەستکەوتێکی مەزنە.	یەن و ئارۆ جیهانش تەنیەنەۋە و بییەن بە هێز و ستاتۆیێۋی نکۆڵی نەکریا و خاوەن دەستکەوتێ مەزنێن.	Standard		Hawrami
ئەو رۆژەی کە بە برینداری لەیەکتری جیابوینەوە هەمومان مرین.	کە بەبرینداری جیا بیەیمێ ئاڕوە گردیما مەردیمێ.	Standard		Hawrami
بەڵام خەڵکی پاوە لە بەڵێنەکەی بە گومانن.	بەڵام پاوەیەکێ جە بەڵێنەکەی بە گومانێنێ.	Standard		Hawrami
ئەمە هەنگاوی زۆر گرنگ و پرشنگداری ناوە بەجۆرێک تا ئەمڕۆش کورد شانازییان پێوە دەکات.  	ینە هەنگامێ فرە گرنگێ و پڕشنگدارێش نیێ بە جۆرەێوە تا بە ئارۆچ کورد شانازیشان پۆوە مەکەرۆنە.	Standard		Hawrami
لەوپەڕی بێدەنگی و بێدەسەڵاتیدا چییان توانیوە و چۆن توانیویانە بیگەیەنن.	ئەوپەڕو بیدەنگیی و بێدەسەڵاتینە چێششان تاوان و چەنی بتاوایاشان و بیاونایاشان.	Standard		Hawrami
ئێمە وەکو یەدەپە بە ئەرکی ئەخلاقی و نەتەوەیی خۆمانی نازانین تاکو لە ئاسەواری کارەساتەکە کەم بکەینەوە. 	ئێمە پێسەو هەدەپەی بە ئەرکی ئەخلاقی و نەتەوەیی وێمانش مەزانمێنە تا جە ئاسەوارو کارەساتەکەی کەم بکەرمێۋە.	Standard		Hawrami
ئێستە لە ژێر دەسەڵاتداری ڕژێمی تورکیا و تاقمە چەتە بەکرێ گیراوەکانیەتی تاکە ڕێگە بۆ ناردنی چەتەکان تەنیا تورکیایە.	ئیسە ئینا چێرو دەسەڵاتداری ڕژێمو تورکیای و تاقمە چەتە بەکرێگێریاکانشەنە و تاکە ڕا پەی ڕەۋانەکەردەو چەتەکان تەنیا تورکیان.	Standard		Hawrami
کۆمیسیۆنی باڵای پەنابەرانی نەتەوە یەگرتووەکان و ڕێکخراوی مافەکانی مرۆڤ لە هەوڵدان بۆ کۆتایی پێهێنانی گەمارۆی کەمپی مەخموور.	کۆمیساریاو باڵاو پەنابەرانو نەتەوە یۆگرێتەکان و ڕێکۋزیێ مافەکێ مرۆڤی تا کۆشانە پەی کۆتایی ئارۋردەی بە گەمارۆ و دۆرپێچدای وارگەو مەخمووری.	Standard		Hawrami
بەرەوڕوی شارەکە بەڕێکەوتوون.	ڕوو بە شارەکەی کەوتێنێ ڕا.	Standard		Hawrami
هاتوچۆکردن و سەردانی کەمپەکە وە بە پێچەوانەوە بۆ هەولێر قەدەغەیە.	هامۆشییە و سەردای پەی کامپەکەی و بە پێچەۋانەۋە پەی هەولێری قەدەغەن.	Standard		Hawrami
دوابەدوای چالاکییەکە دوژمن کوژراو و بریندارەکانی بە هەلیکۆپتەرێکی سکۆرسکی گواستونەتەوە و بێسەروبەرانە ناوچەکەی تۆپباران کردووە.	دمابەدمای چالاکییەکەی دوژمن کوشتێ و بریندارەکێش بە هەلیکۆپتەری سکۆرسکی فاڕێنێۋە و بێسەروبەر ناوچەکەش تۆپۋاران کەردەن.	Standard		Hawrami
ئۆزباکستان و ئۆکرانیا بەباشی خەباتی بەڕێوەبردووە.	ئۆزبەکستان و ئۆکراینا کارا خەباتش ڕاۋەبەردەن.	Standard		Hawrami
هاوکاری کردنیان.	هامکاری کەردەیشان.	Standard		Hawrami
چونکە دەسەڵاتی کوردی هەرگیز لە خەمی زماندا نەبووە.	چوون دەسەڵاتی کوردی هەرگیز خەمو زوانینە نەبیەن.	Standard		Hawrami
لە کونسوڵخانەی ئەوروپادا دیدارەکەیان ئەنجامدا.	جە کۆنسەو ئەورووپای دیدارەکەشان ئەنجامدا.	Standard		Hawrami
ئەمەش زۆر نائاساییە بەڵام مەحاڵیش نییە.	ئینەچ فرە نائاسایین وەلێم مەحاڵیچ نیەن.	Standard		Hawrami
وەرەوە و لە خاکی هەرێمدا بژی.	بۆرێ و خاکیێ هەرێمەنە ژیوێنێ.	Standard		Hawrami
کەس نەبوو کە ناوبانگی نەبیستبێت و حەزی بینینی نەجوبێتە بیریەوە.	کەس نەبێنە شۆرەتشش نامابۆنە گۆش و حەزو وێناش نەلوابۆنە هۆشی بێهۆش.	Standard		Hawrami
دواتر بە پشتیوانی هێزەکانی پارتی جارێکی دیکە هێزەکانی تورکیا گەڕێندرانەوە بۆ شیلادزێ و سیرێ و لە ئێستەشدا بنکە و بارەگای تازەیان بۆ دروست ناکرێت.	دماتەر بە پەشتیۋانی هێزەکێ پارتی جارێوتەر هێزەکێ تورکیای گێڵنیێۋە شیلادزێ و سیرێ و جە ئیسێچەنە بنکێ و بارەگێ تازێشان پەی دروستێ مەکریانە.	Standard		Hawrami
تێپەڕیون بەلایدا و خۆیانیانی لێکەڕکردووە	گۆشادارێ و نەکۆشێچ ژنەوتەبێشان و ویەردێبێنێ بەسەزوانانە و بێ ئاژاولێ و دەردیسەر.	Standard		Hawrami
بە چالاکیێک پشتیوانی لە ڕێبەر ئۆجەلان و لەیلا گۆڤەن و هاوڕێ مانگرەکانیان کرا و               شەرمەزار کرا.	بە چالاکیێ پەشتیوانی جە ڕێبەر ئۆجالانی و لەیلا گۋڤەنێ و مانگێرە هامڕاکێش کریا و گۆشەگیری ئیمرالی شەرمەزار کریا.	Standard		Hawrami
هاوکات لەسەر یوتیوب پەخشی ڕاستەوخۆی بەردەوامی هەیە.	هاموەخت جە سەرو یوتوبی پەخشی زینڎەی بەردەۋامش هەن.	Standard		Hawrami
بە جۆرێک کە بۆ کۆردنەوەی پارە و سەرمایە لە هیچ پرێنسیپێک خۆینەپارێزیبوو.	بە جۆرێ کە پێ گڵێرکەردەو زەرو و سەرمایەی جە هیچ پرنسیبێ وێش نەپارێزنان .	Standard		Hawrami
لە بنەماڵەیەکی نەریتی و خانەداندا گەورە بووە.	جە بنەماڵێوی نەریتی و فیئۆداڵەنە گەورێ بیێنە.	Standard		Hawrami
هاوکات بە شێوازێکی پلان بۆ داڕێژراو چەندین پێشەنگ و ڕێکخەر و خۆپیشاندەر کوژراون یان بێسەروشوێن کراون. 	هاموەخت بە شێوازی پلانپەیکریا چەنڎین پێشەنگێ و ڕێکوزێ وێنیشاندەکان کوشیێنێ و یان بێسەروشۆێنێ کریێنێ.	Standard		Hawrami
ئێستە سەردەمی ژیاندنەوەی فەرهەنگە جیاوازەکان و دونیابینی کۆمەڵگە گۆڕاوە. 	ئیسە زەمانەو ئەوەژیونای فەرهەنگە جیاوازەکان و دنیاوینو کۆمەڵگەی فاڕیان.	Standard		Hawrami
